state_code,state_name,country,state_role,order_count,on_time_delivery_pct,late_order_pct,avg_review_score
AC,Acre,Brazil,customer,80,96.25,3.75,4.0875
AL,Alagoas,Brazil,customer,394,76.6497461928934,23.3502538071066,3.8527918781725887
AM,Amazonas,Brazil,customer,144,95.83333333333333,4.166666666666667,4.243055555555555
AP,Amapa,Brazil,customer,66,95.45454545454545,4.545454545454546,4.242424242424242
BA,Bahia,Brazil,customer,3229,86.28058222359864,13.719417776401363,3.930009290802106
CE,Ceara,Brazil,customer,1273,84.76040848389631,15.239591516103692,3.941869599371563
DF,Distrito Federal,Brazil,customer,2070,92.89855072463769,7.101449275362318,4.133816425120773
ES,Espirito Santo,Brazil,customer,1969,88.11579481970543,11.884205180294567,4.079735906551549
GO,Goias,Brazil,customer,1946,92.0349434737924,7.965056526207605,4.10431654676259
MA,Maranhao,Brazil,customer,712,80.75842696629213,19.241573033707866,3.833567415730337
MG,Minas Gerais,Brazil,customer,11286,94.47988658514974,5.520113414850257,4.192362218678008
MS,Mato Grosso do Sul,Brazil,customer,699,88.41201716738198,11.587982832618026,4.160228898426324
MT,Mato Grosso,Brazil,customer,879,93.40159271899886,6.598407281001138,4.146188850967008
PA,Para,Brazil,customer,933,88.10289389067525,11.897106109324758,3.909967845659164
PB,Paraiba,Brazil,customer,512,89.2578125,10.7421875,4.076171875
PE,Pernambuco,Brazil,customer,1579,89.36035465484484,10.639645345155161,4.082963901203294
PI,Piaui,Brazil,customer,471,84.07643312101911,15.92356687898089,3.9936305732484074
PR,Parana,Brazil,customer,4900,95.08163265306122,4.918367346938775,4.239591836734694
RJ,Rio de Janeiro,Brazil,customer,12214,86.71196987064025,13.28803012935975,3.9644124229026803
RN,Rio Grande do Norte,Brazil,customer,471,89.38428874734608,10.615711252653927,4.149681528662421
RO,Rondonia,Brazil,customer,242,97.10743801652893,2.8925619834710745,4.1652892561983474
RR,Roraima,Brazil,customer,41,87.8048780487805,12.195121951219512,3.902439024390244
RS,Rio Grande do Sul,Brazil,customer,5326,92.90274126924521,7.097258730754787,4.185598948554262
SC,Santa Catarina,Brazil,customer,3520,90.36931818181819,9.630681818181818,4.132386363636364
SE,Sergipe,Brazil,customer,334,85.02994011976048,14.970059880239521,3.907185628742515
SP,Sao Paulo,Brazil,customer,40267,94.16643901954454,5.83356098045546,4.246537694224385
TO,Tocantins,Brazil,customer,273,87.17948717948718,12.820512820512821,4.153846153846154
AM,Amazonas,Brazil,seller,3,33.333333333333336,66.66666666666667,2.3333333333333335
BA,Bahia,Brazil,seller,548,94.34306569343066,5.656934306569343,4.192518248175182
CE,Ceara,Brazil,seller,87,90.80459770114942,9.195402298850574,4.287356321839081
DF,Distrito Federal,Brazil,seller,807,93.92812887236678,6.07187112763321,4.09541511771995
ES,Espirito Santo,Brazil,seller,306,93.13725490196079,6.862745098039215,4.147058823529412
GO,Goias,Brazil,seller,450,96.0,4.0,4.375555555555556
MA,Maranhao,Brazil,seller,385,77.40259740259741,22.5974025974026,4.012987012987013
MG,Minas Gerais,Brazil,seller,7682,94.57172611299141,5.428273887008592,4.225787555324135
MS,Mato Grosso do Sul,Brazil,seller,48,93.75,6.25,4.458333333333333
MT,Mato Grosso,Brazil,seller,136,95.58823529411765,4.411764705882353,4.205882352941177
PA,Para,Brazil,seller,8,87.5,12.5,4.5
PB,Paraiba,Brazil,seller,34,94.11764705882354,5.882352941176471,3.911764705882353
PE,Pernambuco,Brazil,seller,401,95.76059850374065,4.239401496259352,4.261845386533666
PI,Piaui,Brazil,seller,11,100.0,0.0,4.363636363636363
PR,Parana,Brazil,seller,7461,93.67377027208148,6.32622972791851,4.181275968368851
RJ,Rio de Janeiro,Brazil,seller,4200,91.80952380952381,8.19047619047619,4.2195238095238095
RN,Rio Grande do Norte,Brazil,seller,51,90.19607843137256,9.803921568627452,4.2745098039215685
RO,Rondonia,Brazil,seller,14,100.0,0.0,3.857142857142857
RS,Rio Grande do Sul,Brazil,seller,1945,95.7840616966581,4.215938303341902,4.325449871465295
SC,Santa Catarina,Brazil,seller,3584,94.11272321428571,5.887276785714286,4.168526785714286
SE,Sergipe,Brazil,seller,9,100.0,0.0,3.7777777777777777
SP,Sao Paulo,Brazil,seller,68169,91.35970895861756,8.640291041382447,4.124582532627245
